XXXXXXXXX	XXXXX	XXX		XXXX	XXXX 	X	XXXXXXXXXXX				XXXXXX  ####
TPrsxyV2B	200.0000	102		0.00	0.01 	0	0.014590534 181101	6496
TPrsxyV2B	48.0000	104		0.00	0.01 	0	0.011683551	181102	7032
TPrsxyV2B	48.0000	104		0.00	0.01 	0	0.011435639	181103	7105
TxxxxyV2B	48.0000	104		0.00	0.01 	0	0.011314939	181104	7118
TPrsxyV2B	48.0000	104		0.00	0.01 	0	0.011830079	181105	7140
TPrsxyV2B	1,491.0	104		0.03	0.01 	0	0.051529631	181106	5457
TPrsXyV2B	1,976.0	124		0.04	0.01 	0	0.101865457	181107  5243
